{
  "images" : [
    {
      "filename" : "Default_Give_an_animated_image_of_a_cartoonish_boy_sitting_on_0 1.jpg",
      "idiom" : "universal",
      "scale" : "1x"
    },
    {
      "filename" : "Default_Give_an_animated_image_of_a_cartoonish_boy_sitting_on_0.jpg",
      "idiom" : "universal",
      "scale" : "1x"
    },
    {
      "idiom" : "universal",
      "scale" : "2x"
    },
    {
      "idiom" : "universal",
      "scale" : "3x"
    }
  ],
  "info" : {
    "author" : "xcode",
    "version" : 1
  }
}
